"","Country.Name","Time","Pub.Opinion","Region","Polity","Polity.Sim","Share","Member","GDP","GDP.Growth","Capital","Air","Port","Debt"
"1","Argentina",2008,34,5,8,15,0,0,361558037105.274,4.05723310237892,11.021843220262,131.685,3.33221705362263,129752181000
"2","Argentina",2009,42,5,8,15,0,0,332976484584.295,-5.91852508035115,13.738186363854,111.663,3.6402897114,133695117000
"3","Argentina",2010,45,5,8,15,0,0,423627422103.855,10.1253981606364,15.0863203525885,193.301253837474,3.7615393942,126641210000
"4","Argentina",2011,NA,5,8,15,0,0,530163281582.146,6.00395168927028,8.22006946047762,192.20126,3.7,139509123000
"5","Argentina",2012,NA,5,8,15,0,0,545982375704.347,-1.02642046307619,6.27396625317979,180.120460072137,3.6,136543043000
"6","Argentina",2013,54,5,8,15,0,0,552025140256.732,2.40532378717022,9.61999483851449,268.710767897573,3.7,146568611000
"7","Argentina",2014,40,5,8,15,0,0,526319673732.799,-2.51261532628018,11.426903268399,261.60894,3.7,144971849000
"8","Argentina",2015,53,5,9,16,0,0,584711485365.112,2.64727141904568,9.60039804330982,243.7725665,3.82892558097839,159693583000
"9","Australia",2008,52,6,10,17,0,1,1054557743957.03,3.70669950604605,64.8491335746018,2212.439,4.77188910148113,NA
"10","Australia",2009,NA,6,10,17,0,1,926563834486.821,1.81967826084417,136.19238017194,2769.286,4.6486865,NA
"11","Australia",2010,NA,6,10,17,0,1,1142250506474.06,2.01818214420197,127.335515436957,2938.314378037,4.8610048366,NA
"12","Australia",2011,NA,6,10,17,0,1,1389919156068.22,2.37956133560841,86.2055469031313,2846.59879756427,5.1,NA
"13","Australia",2012,NA,6,10,17,0,1,1537477830480.51,3.63272030319823,90.204485066725,2731.69798,5.1,NA
"14","Australia",2013,58,6,10,17,0,1,1563950959269.52,2.44004906206246,87.3402149795032,1984.693734,5,NA
"15","Australia",2014,NA,6,10,17,0,1,1454675479665.84,2.4998512224341,88.5907790441367,1907.43643,5,NA
"16","Australia",2015,57,6,10,17,3691.2,1,1339140527498.13,2.24002857543144,88.6451739473369,1887.29582,4.98650344390443,NA
"17","Brazil",2008,NA,5,8,15,0,1,1695824517395.57,5.09434227022558,34.9072409278015,1807.062,2.51819277818452,262957242000
"18","Brazil",2009,NA,5,8,15,0,1,1667019605881.76,-0.125873061539252,80.2178735799971,1782.3,2.6486275202,281651132000
"19","Brazil",2010,52,5,8,15,0,1,2208871646202.82,7.52822356216525,69.9708225535385,1302.474647875,2.9384436332,352364412000
"20","Brazil",2011,49,5,8,15,0,1,2616201578192.25,3.97442540629392,46.9740650049287,1294.49545,2.7,404046105000
"21","Brazil",2012,50,5,8,15,0,1,2465188674415.03,1.9211503175375,49.7911998679477,1363.447091,2.6,440514543000
"22","Brazil",2013,65,5,8,15,0,1,2472806919901.67,3.00486535886174,41.2670848575827,1637.382,2.7,483766051000
"23","Brazil",2014,44,5,8,15,0,1,2455993200170,0.503961790897151,34.360608162172,1596.774,2.7,556921499000
"24","Brazil",2015,55,5,8,15,5,1,1803652649613.75,-3.76925266939523,27.1967060900028,1493.939,2.70545754923315,543399361000
"25","Canada",2008,NA,4,10,17,0,1,1549131208997.19,1.00036097295921,66.7246133830795,1388.665,5.77829531692084,NA
"26","Canada",2009,53,4,10,17,0,1,1371153004986.44,-2.94958764276713,122.337311292009,1346.938,5.6129212045,NA
"27","Canada",2010,NA,4,10,17,0,1,1613406134731.12,3.08351421988722,134.572120017496,1957.32853635002,5.6848688947,NA
"28","Canada",2011,NA,4,10,17,0,1,1788703385548.26,3.1412190013904,106.9418208438,1980,5.8,NA
"29","Canada",2012,NA,4,10,17,0,1,1824288757447.57,1.74547228318005,112.919271775933,1960,5.7,NA
"30","Canada",2013,43,4,10,17,0,1,1842628005830.18,2.4750018591249,114.717770668401,1946.30559714895,5.5,NA
"31","Canada",2014,NA,4,10,17,0,1,1792883225804.38,2.56529927402018,116.87435354636,2084.318163,5.5,NA
"32","Canada",2015,39,4,10,17,995,1,1552807652015.37,0.941675857004995,102.614080883227,2074.830881067,5.45897377843911,NA
"33","Chile",2008,NA,5,10,17,0,0,179626674542.406,3.29245489729399,73.3788343717753,1307.721,4.93582614821144,NA
"34","Chile",2009,NA,5,10,17,0,0,171956955710.33,-1.0364317789294,134.180318002768,1179.048,5.3590170376,NA
"35","Chile",2010,NA,5,10,17,0,0,217538271334.673,5.75370890864373,157.121263262296,1399.549392,5.4608153522,NA
"36","Chile",2011,NA,5,10,17,0,0,250832362674.151,5.83964058346005,107.756860844597,1422.29934,5.2,NA
"37","Chile",2012,NA,5,10,17,0,0,265231582123.55,5.45713060960065,118.132715377027,1527.067,5.2,NA
"38","Chile",2013,62,5,10,17,0,0,277078709134.903,3.97659619929694,95.694858990737,1512.319,5.2,NA
"39","Chile",2014,60,5,10,17,0,0,258733363811.966,1.87639539712494,90.1489728899094,1553.479,5,NA
"40","Chile",2015,66,5,10,17,0,0,240796388428.74,2.30556699457074,79.051019511587,1392.236,4.9060704675972,NA
"41","China",2008,95,1,-7,0,0,1,4598205419718.8,9.65428937259925,38.6843100217298,11386.055,4.32238683967865,380164840000
"42","China",2009,95,1,-7,0,0,1,5109954035775.98,9.39981317141532,69.9253346504397,11976.438,4.278193043,447662212000
"43","China",2010,97,1,-7,0,0,1,6100620356557.32,10.6361404632297,66.0234544126424,17193.8774,4.321479666,734465434000
"44","China",2011,95,1,-7,0,0,1,7572554360442.62,9.53644300805558,45.0588814234746,16764.869,4.5,1044355045000
"45","China",2012,94,1,-7,0,0,1,8560546868811.69,7.8562621102694,43.1908860106883,15568.753,4.4,1138247396000
"46","China",2013,95,1,-7,0,0,1,9607224248684.59,7.75763514617032,41.1059780408552,16053.7331,4.5,1471617817000
"47","China",2014,96,1,-7,0,0,1,10482371325324.7,7.29766595938162,57.2861567639035,17822.581,4.6,1770542954000
"48","China",2015,96,1,-7,0,29780.4,1,11064664793255.7,6.91833642287352,74.0015126801751,19805.63,4.54880485442716,1418291086000
"49","Czech Republic",2008,NA,3,9,16,0,0,235204812643.146,2.71095557125116,17.3943507108727,27.174,4.14928381855929,NA
"50","Czech Republic",2009,NA,3,9,16,0,0,205729790694.015,-4.84178529599535,NA,22.379,4.1614030629,NA
"51","Czech Republic",2010,NA,3,9,16,0,0,207015860050.371,2.29508968687023,NA,17.987,4.5877793195,NA
"52","Czech Republic",2011,NA,3,9,16,0,0,227948564356.715,2.00470400649931,NA,16.721,4.7,NA
"53","Czech Republic",2012,33,3,9,16,0,0,207376427020.815,-0.799844281176618,NA,11.102,4.6,NA
"54","Czech Republic",2013,34,3,9,16,0,0,209402444996.104,-0.483671040702603,NA,19.929,4.4,NA
"55","Czech Republic",2014,NA,3,9,16,0,0,207818330723.835,2.71511613157801,NA,30.81553,4,NA
"56","Czech Republic",2015,NA,3,9,16,0,0,185156359571.116,4.53562869858659,NA,26.61965,3.60368441648261,NA
"57","Egypt, Arab Rep.",2008,59,2,-3,4,0,1,162818181818.182,7.15205103366216,52.8061848129537,195.482,3.86998858780488,33866879000
"58","Egypt, Arab Rep.",2009,52,2,-3,4,0,1,188982374700.805,4.68544518804055,48.2623525841489,180.31,4.3186629444,35359841000
"59","Egypt, Arab Rep.",2010,52,2,-3,4,0,1,218888324504.753,5.13912608709832,38.5022043504061,416.985098697369,4.2001349,36742168000
"60","Egypt, Arab Rep.",2011,57,2,-2,5,0,1,236001858960.015,1.81664664403142,20.6988496680767,333.306675121003,4,35145105000
"61","Egypt, Arab Rep.",2012,52,2,-88,-81,0,1,276353323880.224,2.19387835367519,21.4153277293855,356.265453827017,4,40003308000
"62","Egypt, Arab Rep.",2013,45,2,-4,3,0,1,286011230726.274,2.10672461668477,21.5479825192537,386.683474639046,4.1,46472951000
"63","Egypt, Arab Rep.",2014,46,2,-4,3,0,1,301498960051.639,2.22879101389299,23.2450718861506,419.405027743558,4.2,41676766000
"64","Egypt, Arab Rep.",2015,NA,2,-4,3,650.5,1,330778550716.746,4.2,16.6854440472055,397.531534552,4.32789273870071,46584669000
"65","El Salvador",2008,NA,5,7,14,0,0,2.1431e+10,1.27422730111427,21.726424338575,18.439,3.59280287368421,10650668000
"66","El Salvador",2009,NA,5,8,15,0,0,2.0661e+10,-3.13304628167124,21.4526886404337,15.291,4.1710573775,10368173000
"67","El Salvador",2010,NA,5,8,15,0,0,21418300000,1.36478366726975,19.7354598637614,10.9670984067361,4.1337441952,11059769000
"68","El Salvador",2011,NA,5,8,15,0,0,2.3139e+10,2.21683561040105,23.6570292579627,14.662,3.8,11995548000
"69","El Salvador",2012,NA,5,8,15,0,0,23813600000,1.88095546069935,45.1127506970807,17.065,3.9,13035228000
"70","El Salvador",2013,52,5,8,15,0,0,24350900000,1.84728673148746,NA,15.65233,4.2,13539238000
"71","El Salvador",2014,48,5,8,15,0,0,25054200000,1.42526204252933,NA,16.40872,4.7,14532672000
"72","El Salvador",2015,NA,5,8,15,0,0,25850200000,2.45506222153942,NA,13.873884,4.01418199790152,14981982000
"73","France",2008,28,3,9,16,0,1,2923465651091.26,0.195294765594184,50.3651161234061,6187.796,5.93910897506272,NA
"74","France",2009,41,3,9,16,0,1,2693827452070.02,-2.94134105462597,72.246094994113,6624.89,5.8864319133,NA
"75","France",2010,41,3,9,16,0,1,2646994701986.75,1.96565737478667,72.2145529254469,5079.71814764909,5.8728529,NA
"76","France",2011,51,3,9,16,0,1,2862502085070.89,2.07922917455807,54.2866661339573,5068.76226392762,5.6,NA
"77","France",2012,40,3,9,16,0,1,2681416108537.39,0.18269303354748,67.4340958959293,4626.15380961188,5.4,NA
"78","France",2013,42,3,9,16,0,1,2808511203185.39,0.576241546834495,81.9325629675299,4327.126,5.4,NA
"79","France",2014,47,3,9,16,0,1,2839162443235.14,0.636621653309263,73.4687021860991,4151.293,5.2,NA
"80","France",2015,50,3,9,16,3375.6,1,2418835532882.33,1.27418032469893,86.3356471165908,4098.31,5.28086048427381,NA
"81","Germany",2008,26,3,10,17,0,1,3752365607148.09,1.08231540391905,29.5967863015372,8352.882,6.42165827477376,NA
"82","Germany",2009,29,3,10,17,0,1,3418005001389.27,-5.61886043465857,37.8102229070675,10187.719,6.3829909306,NA
"83","Germany",2010,30,3,10,17,0,1,3417298013245.03,4.07993330487069,41.8377046560933,7487.48100076523,6.3879094909,NA
"84","Germany",2011,34,3,10,17,0,1,3757464553794.83,3.66000015503516,31.5239210654355,7716.76190298526,6.1,NA
"85","Germany",2012,29,3,10,17,0,1,3543983909148.01,0.491992829138056,41.9390958904584,7236.98063027006,6,NA
"86","Germany",2013,28,3,10,17,0,1,3752513503278.41,0.489584482494635,51.5949178679439,7335.69940204315,5.8,NA
"87","Germany",2014,28,3,10,17,0,1,3879276587198.91,1.59533809824777,44.8160635345504,7184.13720802563,5.7,NA
"88","Germany",2015,34,3,10,17,4484.2,1,3363446822668.29,1.7207335002516,51.0131594302662,6985.007914999,5.60958820600663,NA
"89","Ghana",2008,NA,2,8,15,0,0,28526891010.4925,9.14979909377527,9.97087274233216,NA,3.487932,5461776000
"90","Ghana",2009,NA,2,8,15,0,0,25977847813.7422,4.84575613200906,9.34265231439271,NA,4.0400505386,7.385e+09
"91","Ghana",2010,NA,2,8,15,0,0,32174772955.9748,7.89974029268168,9.16149432983836,5.22980484930983,4.4635513152,9114078000
"92","Ghana",2011,NA,2,8,15,0,0,39566292432.8615,14.0460026323343,7.83118611696494,3.56603511599799,4.2,11225843000
"93","Ghana",2012,NA,2,8,15,0,0,41939728978.7281,9.29251186911659,NA,2.41801639475519,4,12837474000
"94","Ghana",2013,67,2,8,15,0,0,47805069494.9082,7.31252502101229,NA,1.31802,4.2,16626329000
"95","Ghana",2014,61,2,8,15,0,0,38616536131.648,3.98586562415207,NA,1.332792,3.7,18363228000
"96","Ghana",2015,80,2,8,15,0,0,37543361203.5609,3.91722164434252,NA,0.844630332,3.50380013903188,20676785000
"97","Greece",2008,NA,3,10,17,0,0,354460802548.704,-0.335172557312063,25.4471014429321,78.109,4.24712781654641,NA
"98","Greece",2009,NA,3,10,17,0,0,330000252153.376,-4.3007336666282,34.1310042234911,31.396,4.1444575778,NA
"99","Greece",2010,NA,3,10,17,0,0,299379400264.901,-5.4790371077553,22.5755078472992,4.85169832333462,4.0427604923,NA
"100","Greece",2011,NA,3,10,17,0,0,287779921184.32,-9.13249415322949,11.7377507996345,4.18568526670255,4.1,NA
"101","Greece",2012,56,3,10,17,0,0,245670666639.047,-7.30049393532073,18.26695494987,2.31403046797287,4.2,NA
"102","Greece",2013,59,3,10,17,0,0,239862011450.103,-3.24142502506591,34.4340646110114,0.593232,4.5,NA
"103","Greece",2014,49,3,10,17,0,0,236079774688.445,0.352849232575196,23.3625561837253,19.359432,4.7,NA
"104","Greece",2015,NA,3,10,17,0,0,194851319174.892,-0.219147178263057,21.5957378057219,27.4529619150664,4.59361881178025,NA
"105","India",2008,NA,1,9,16,0,1,1186913419021.34,3.89095706241436,54.5283893187126,1233.937,3.33138497508447,227111767000
"106","India",2009,NA,1,9,16,0,1,1323896417147.06,8.4797838969114,98.6874979853405,1235.158,3.472473754,256312230000
"107","India",2010,NA,1,9,16,0,1,1656562168648.57,10.259963064587,98.5069906148617,1630.96414222155,3.8602977121,290427553000
"108","India",2011,NA,1,9,16,0,1,1822989507290.05,6.6383637999583,55.2489685745488,1702.702702,3.9,334399295000
"109","India",2012,NA,1,9,16,0,1,1828119928467.85,5.48401653726533,69.1057233350552,1579.229879,4,392625128000
"110","India",2013,35,1,9,16,0,1,1857236714880.03,6.54030194924107,61.3187328721081,1733.76172,4.2,427296379000
"111","India",2014,31,1,9,16,0,1,2033532372971.17,7.17943348331229,76.6301884696916,1851.32674,4,457552597000
"112","India",2015,41,1,9,16,8367.3,1,2088841351184.16,7.93374429304457,72.5864943807466,1833.847614,4.20717230771212,479558646000
"113","Indonesia",2008,58,1,8,15,0,1,510228635279.289,6.01370360009068,19.3561460826166,394.583,3.04488734373619,157906449000
"114","Indonesia",2009,59,1,8,15,0,1,539580088908.138,4.62887118256168,39.8349521078405,276.918,3.3962824572,179394490000
"115","Indonesia",2010,58,1,8,15,0,1,755094160363.071,6.22385418062332,47.7275708008012,665.663628453711,3.6232083659,198268131000
"116","Indonesia",2011,67,1,8,15,0,1,892969107923.094,6.16978420771008,43.6864933555571,754.297938393013,3.6,219619159000
"117","Indonesia",2012,NA,1,8,15,0,1,917869910105.749,6.03005065305615,46.6539490275549,880.340263956616,3.6,252555417000
"118","Indonesia",2013,70,1,8,15,0,1,912524136718.018,5.5572636889101,37.9906455128788,768.23502,3.9,265452855000
"119","Indonesia",2014,66,1,9,16,0,1,890487074595.966,5.02388905198994,47.40406256784,835.930404,4,292969232000
"120","Indonesia",2015,63,1,9,16,3360.7,1,861933968740.332,4.79392130382237,40.9858495908086,747.473207238894,3.81293197439072,308539944000
"121","Israel",2008,NA,1,6,13,0,1,216760312151.616,3.05940704820011,49.6891884546941,901.863,4.35271401153923,NA
"122","Israel",2009,56,1,6,13,0,1,208068814688.605,1.26866190440762,90.7074422865622,984.612,4.5931675089,NA
"123","Israel",2010,NA,1,6,13,0,1,233754747258.625,5.51702293450364,97.3729999794052,856.431,4.6156736688,NA
"124","Israel",2011,49,1,6,13,0,1,261374751963.332,5.06217885129591,60.0435385671897,883.418,4.2,NA
"125","Israel",2012,NA,1,6,13,0,1,257641795689.722,2.38180026245432,62.8219033975848,810.909456005204,3.9,NA
"126","Israel",2013,38,1,6,13,0,1,293314777888.557,4.37632827940084,69.3116628706799,801.730584,3.8,NA
"127","Israel",2014,49,1,6,13,0,1,308769389865.564,3.16304703399375,64.9432866668899,651.238996,3.8,NA
"128","Israel",2015,55,1,6,13,749.9,1,299415714726.768,2.50783606159001,81.4598793595636,758.633996,4.00603532175864,NA
"129","Italy",2008,NA,3,10,17,0,1,2390729210487.77,-1.05040528428572,21.8380144313157,1279.021,3.26298046706497,NA
"130","Italy",2009,NA,3,10,17,0,1,2185160158794.11,-5.48205395708311,30.0137382315232,400,3.6597954051,NA
"131","Italy",2010,NA,3,10,17,0,1,2125184794172.19,1.68652327902943,25.1770543186302,784.96985,3.9101550541,NA
"132","Italy",2011,NA,3,10,17,0,1,2276150874756.74,0.576624660417949,18.9568466126444,760.26837,3.9,NA
"133","Italy",2012,30,3,10,17,0,1,2072823111961.1,-2.81901912719412,23.244978658316,795.11615,3.9,NA
"134","Italy",2013,28,3,10,17,0,1,2130491269673.44,-1.72815733491716,28.8882812504713,892.930674,4.3,NA
"135","Italy",2014,26,3,10,17,0,1,2149814265578.42,0.0918949980592174,27.3192177298154,991.78663,4.5,NA
"136","Italy",2015,40,3,10,17,2571.8,1,1821496964400.58,0.731730561315075,NA,945.43373208,4.32067672858077,NA
"137","Japan",2008,14,1,10,17,0,0,5037908465114.48,-1.09347900374911,61.8471683551955,8172.807,5.22075071328671,NA
"138","Japan",2009,26,1,10,17,0,0,5231382674593.7,-5.41711974237725,63.1970982749177,10485.665,5.173741949,NA
"139","Japan",2010,26,1,10,17,0,0,5700096491337.99,4.19228908161651,67.1527965503177,7698.79769790059,5.1531016113,NA
"140","Japan",2011,34,1,10,17,0,0,6157461124963.98,-0.115461941256385,54.0058263058779,6545.945,5.2,NA
"141","Japan",2012,15,1,10,17,0,0,6203213121334.12,1.4950285427672,56.0811220242552,7045.781,5.2,NA
"142","Japan",2013,5,1,10,17,0,0,5155717056270.83,2.00048957213372,88.1190548359167,7715.927,5.2,NA
"143","Japan",2014,7,1,10,17,0,0,4848733415523.53,0.335664786487811,90.2915049110264,8661.758,5.3,NA
"144","Japan",2015,9,1,10,17,0,0,4383076298081.86,1.21943813894599,111.677707324925,8868.745,5.40094223330098,NA
"145","Jordan",2008,44,1,-3,4,0,1,21971835282.5137,7.23240848035714,163.366871899712,140.846,4.43825455190706,13969142000
"146","Jordan",2009,50,1,-3,4,0,1,23818322957.7465,5.47658104974045,133.622547886601,163.192,4.5140644761,14427064000
"147","Jordan",2010,53,1,-3,4,0,1,26425379436.6197,2.33683030118534,116.798398577501,201.985,4.3812740271,17073490000
"148","Jordan",2011,44,1,-3,4,0,1,28840263380.2817,2.56080879892622,94.2537162076864,196.184547,4.3,17668661000
"149","Jordan",2012,47,1,-3,4,0,1,30937277605.6338,2.65120334919015,87.1682387305117,188.06493,4.4,18484353000
"150","Jordan",2013,40,1,-3,4,0,1,33593843661.9718,2.82921076906983,76.6939033807712,172.126,4.5,23173392000
"151","Jordan",2014,35,1,-3,4,0,1,35826925774.6479,3.09633027522935,71.3286430455702,171.97,4.1,24281432000
"152","Jordan",2015,33,1,-3,4,119.2,1,37517410281.6901,2.38268685636369,67.8415962319811,169.105,3.99527342876831,25745968000
"153","Kenya",2008,NA,2,7,14,0,0,35895153327.8497,0.232282745665941,30.2383441599028,295.183,3.49666024339478,7659361000
"154","Kenya",2009,73,2,7,14,0,0,37021512048.8158,3.30693981534758,29.6227771181777,271.562,3.6462120729,8549248000
"155","Kenya",2010,86,2,8,15,0,0,39999659233.7555,8.40227706370248,36.1524829886464,279.990902805,3.8496943615,8847568000
"156","Kenya",2011,71,2,8,15,0,0,41953433591.4101,6.11161346041284,24.3188915104412,191.160655418998,3.8,10162730000
"157","Kenya",2012,NA,2,8,15,0,0,50410164013.5527,4.55494279644424,NA,234.568543129171,3.8,11893745000
"158","Kenya",2013,78,2,9,16,0,0,55100780396.387,5.69353035234217,NA,258.081012,4.1,13721052000
"159","Kenya",2014,74,2,9,16,0,0,61395415492.333,5.33185940382775,NA,268.866864,4.3,16683175000
"160","Kenya",2015,70,2,9,16,0,0,63398041540.367,5.64919707770292,NA,286.414682944,4.15085525183084,19147781000
"161","Korea, Rep.",2008,48,1,8,15,0,0,1002219052967.54,2.8292144573827,46.9755268178133,8726.809,5.17569661497326,NA
"162","Korea, Rep.",2009,41,1,8,15,0,0,901934953364.711,0.707518482607597,92.53404105102,15162.607,5.0982982929,NA
"163","Korea, Rep.",2010,38,1,8,15,0,0,1094499338702.72,6.49679358555511,99.7635559372943,12942.727326,5.4555258745,NA
"164","Korea, Rep.",2011,NA,1,8,15,0,0,1202463682633.85,3.68169647232138,82.841580530572,12381.6339,5.5,NA
"165","Korea, Rep.",2012,NA,1,8,15,0,0,1222807195712.49,2.29238242636897,96.4517933927265,12290.68063,5.5,NA
"166","Korea, Rep.",2013,46,1,8,15,0,0,1305604981271.91,2.89622005439183,94.5575857712575,11112.514602,5.5,NA
"167","Korea, Rep.",2014,56,1,8,15,0,0,1411333926201.24,3.34144751931207,85.9300153907782,11124.72618,5.3,NA
"168","Korea, Rep.",2015,61,1,8,15,0,0,1377873107856.33,2.61193540870619,89.3550903185472,11296.96727,5.23480620384216,NA
"169","Lebanon",2008,50,1,6,13,0,0,28829850746.2687,9.12616515093099,33.2418300890454,66.621,NA,24267157000
"170","Lebanon",2009,53,1,6,13,0,0,35139635157.5456,10.304050543467,36.5678810903668,93.983,NA,24706099000
"171","Lebanon",2010,56,1,6,13,0,0,38009950248.7562,7.96043334903437,33.4053318062827,48.272,4.540353,24675506000
"172","Lebanon",2011,59,1,6,13,0,0,40078938640.1327,1.9825479930192,22.5733023552194,47.699,4.3,24826153000
"173","Lebanon",2012,59,1,6,13,0,0,43205095854.063,2.2,NA,50.619,4.1,29134947000
"174","Lebanon",2013,56,1,6,13,0,0,44352417910.4478,0.899999999999991,NA,70.098,4.3,30917743000
"175","Lebanon",2014,53,1,6,13,0,0,45730945273.6318,1.79999999999336,NA,59.58,4.1,29942644000
"176","Lebanon",2015,52,1,6,13,0,0,47084703150.9121,1.30000000005757,NA,53.902026,3.85543440616492,30895977000
"177","Malaysia",2008,NA,1,6,13,0,1,230813597937.526,3.31959425574053,81.9878948601724,2444.462,5.70703004942529,106896007000
"178","Malaysia",2009,NA,1,6,13,0,1,202257586267.556,-2.52582569096113,142.995570815033,2853.263,5.5227711188,119611354000
"179","Malaysia",2010,NA,1,6,13,0,1,255016609232.871,6.98095677250217,160.259804735621,2564.65822417581,5.5768323303,133799555000
"180","Malaysia",2011,NA,1,6,13,0,1,297951960784.314,5.29379110190229,132.781076170326,2193.26000841583,5.7,144898454000
"181","Malaysia",2012,NA,1,6,13,0,1,314442825692.826,5.47438546268495,148.385503460588,1943.95888344729,5.5,193879982000
"182","Malaysia",2013,81,1,6,13,0,1,323276841537.339,4.69291918602868,154.786036519169,2161.992838,5.4,188794797000
"183","Malaysia",2014,74,1,5,12,0,1,338068990803.263,6.01216652008209,135.77239631159,2193.300634,5.6,196587380000
"184","Malaysia",2015,78,1,5,12,109.5,1,296283190372.552,4.96878521601461,129.2603368819,2005.979379448,5.56585090511341,190951400000
"185","Mexico",2008,38,5,9,16,0,0,1101275278668.79,1.40029037023363,21.2530803636057,482.785,3.31386983690344,197671890000
"186","Mexico",2009,39,5,9,16,0,0,894948748436.748,-4.70033886285106,39.3369386364231,714.057,3.6729288784,193342946000
"187","Mexico",2010,39,5,9,16,0,0,1051128603513.77,5.11019848994358,43.2245130121271,908.948170756014,3.7212821581,245906481000
"188","Mexico",2011,39,5,9,16,0,0,1171187519660.64,4.04461387888595,34.895336838837,774.603519631098,4,291784444000
"189","Mexico",2012,40,5,9,16,0,0,1186598324461.82,4.01817386885878,44.2488978094703,763.886260561117,4.3,349269385000
"190","Mexico",2013,45,5,9,16,0,0,1261981728468.52,1.36007714397567,41.6817159974531,677.139988908,4.4,406227125000
"191","Mexico",2014,43,5,9,16,0,0,1298175699755.5,2.2453085669359,36.9938614696339,617.529552725,4.3,441563804000
"192","Mexico",2015,47,5,9,16,0,0,1143793184190.1,2.46495592537053,35.1683578430158,713.985466636,4.30643171158071,426334055000
"193","Nigeria",2008,NA,2,4,11,0,0,208064753766.47,6.27026369732737,23.0996740822064,10.036,2.62044767127728,13128901000
"194","Nigeria",2009,NA,2,4,11,0,0,169481317540.364,6.9344160039274,19.0129510837238,7.966,2.8024368643,15942066000
"195","Nigeria",2010,76,2,4,11,0,0,367127872791.052,7.83973947709083,13.7680638671551,0,2.9841050136,15484219000
"196","Nigeria",2011,NA,2,4,11,0,0,408707161460.004,4.88738661141308,9.54923076478055,0,3.3,17663308000
"197","Nigeria",2012,NA,2,4,11,0,0,457061382523.294,4.2792773138933,12.2970791559131,0,3.6,18127298000
"198","Nigeria",2013,76,2,4,11,0,0,508696794976.452,5.39441631089463,15.846354998901,12.1983521811429,3.4,21143713000
"199","Nigeria",2014,70,2,4,11,0,0,546682344735.565,6.30971825251392,11.4813127960737,12.1983521811429,3.2,24755955000
"200","Nigeria",2015,70,2,7,14,0,0,486792837970.54,2.65269362304348,10.2659439708158,22.4006579339246,2.97866837084293,29029206000
"201","Pakistan",2008,76,1,5,12,0,1,170077814106.305,1.7014054654513,13.7313853207232,319.796,3.70078756379928,49523536000
"202","Pakistan",2009,84,1,5,12,0,1,168152775283.032,2.83165851919991,18.9631006365066,303.905,3.9621176605,56339767000
"203","Pakistan",2010,85,1,6,13,0,1,177406854514.885,1.60669195949077,21.4237381661097,332.957297192,4.0473263722,64003277000
"204","Pakistan",2011,82,1,6,13,0,1,213587413183.996,2.74840254954,15.2480567625697,297.683519787229,4.1,65520311000
"205","Pakistan",2012,85,1,6,13,0,1,224383620829.57,3.50703342009689,NA,286.075685790508,4.4,62143611000
"206","Pakistan",2013,81,1,7,14,0,1,231218567178.979,4.39645663349772,NA,292.760800570437,4.5,60057298000
"207","Pakistan",2014,78,1,7,14,0,1,244360888750.807,4.67470798143725,NA,204.623134285262,4.4,62261536000
"208","Pakistan",2015,82,1,7,14,1034.1,1,271049886672.733,4.71245780369472,NA,183.17731267,4.07990342869478,65481878000
"209","Peru",2008,NA,5,9,16,0,0,120550599815.441,9.1265683014642,31.4198021892781,230.125,2.34221476771398,34719590000
"210","Peru",2009,NA,5,9,16,0,0,120822986521.479,1.0958236592427,59.3120084705572,256.939,2.6611611133,37389856000
"211","Peru",2010,NA,5,9,16,0,0,147492391535.14,8.33245910749577,70.0697025279281,83.5804026066418,3.3002916143,42153894000
"212","Peru",2011,NA,5,9,16,0,0,171724325697.898,6.32719240161117,47.6800183475708,107.179094,3.5,45012108000
"213","Peru",2012,NA,5,9,16,0,0,192605185353.65,6.13972470560435,53.2782644514899,122.151244,3.5,54149551000
"214","Peru",2013,56,5,9,16,0,0,201150658576.291,5.85251821084928,40.257148832196,334.880485681557,3.7,56802792000
"215","Peru",2014,60,5,9,16,0,0,201021342537.156,2.35433303756285,39.2196465335155,341.774864,3.7,61269605000
"216","Peru",2015,NA,5,9,16,0,0,189111139010.075,3.25120242475616,29.9060649182526,223.643433999,3.64610388441519,65938010000
"217","Philippines",2008,NA,1,8,15,0,1,174195135053.121,4.15275714549762,29.8691464512675,277.362,3.15812639960586,58204778000
"218","Philippines",2009,NA,1,8,15,0,1,168334599538.168,1.14833040819052,51.2963052378433,227.454,3.0038680449,55984122000
"219","Philippines",2010,NA,1,8,15,0,1,199590774784.581,7.63226391622599,78.8215287854846,460.194054824,2.7599268876,65302509000
"220","Philippines",2011,NA,1,8,15,0,1,224143083706.777,3.65975513887875,73.6433251788126,470.003413890059,3,66063285000
"221","Philippines",2012,NA,1,8,15,0,1,250092093547.532,6.68381023689122,91.6928787100648,533.283614656041,3.3,69371698000
"222","Philippines",2013,48,1,8,15,0,1,271836123723.678,7.06403293901505,79.9453203728384,325.682352,3.4,66202034000
"223","Philippines",2014,38,1,8,15,0,1,284834199296.32,6.21842575154629,91.9273986925989,457.157088,3.5,77103536000
"224","Philippines",2015,54,1,8,15,979.1,1,292451392606.609,5.9050145623096,81.66141315704,484.190968,3.22093564033508,77725096000
"225","Poland",2008,33,3,10,17,0,1,533815789473.684,4.24964529542027,17.0125147646044,78.921,2.62143595833333,NA
"226","Poland",2009,43,3,10,17,0,1,439796160379.475,2.8202219315681,34.3253406009147,55.475,2.8165188602,NA
"227","Poland",2010,46,3,10,17,0,1,479321128909.23,3.60696045902786,39.7866750489346,76.606040095,3.2586595758,NA
"228","Poland",2011,51,3,10,17,0,1,528828473066.019,5.01661596197876,26.1416011128322,39.4180038679561,3.4,NA
"229","Poland",2012,50,3,10,17,0,1,500344281382.345,1.60663717006567,35.4572614500276,91.8311627817047,3.5,NA
"230","Poland",2013,43,3,10,17,0,1,524214789307.993,1.39082553263614,39.0188438349885,97.64576278,3.7,NA
"231","Poland",2014,32,3,10,17,0,1,545158979236.012,3.28257009347972,30.9809865439052,120.85182858,4,NA
"232","Poland",2015,40,3,10,17,831.8,1,477066454436.928,3.94091076226562,28.8784882522513,120.016465876,4.02132478290134,NA
"233","Russian Federation",2008,60,3,4,11,0,1,1660844408499.61,5.24795353223386,NA,2399.593,3.74796740598059,419280877000
"234","Russian Federation",2009,58,3,4,11,0,1,1222643696991.85,-7.82088502693726,62.3023642843905,2305.548,3.5491132554,406431158000
"235","Russian Federation",2010,60,3,4,11,0,1,1524915341870.26,4.50372562577255,62.3835005052322,3531.583,3.6574014134,417891602000
"236","Russian Federation",2011,63,3,4,11,0,1,2031768558633.76,4.26417656490521,38.5651587465696,3900.12005,3.7,544357733000
"237","Russian Federation",2012,62,3,4,11,0,1,2170143623038.25,3.51794186537009,38.0316058918028,4132.144,3.7,591835361000
"238","Russian Federation",2013,62,3,4,11,0,1,2230625004654.86,1.27945391093247,34.548909762591,4249.26882,3.9,668508338000
"239","Russian Federation",2014,64,3,4,11,0,1,2063662281004.85,0.731458212008192,18.7010579954043,4413.55935,3.9,549630538000
"240","Russian Federation",2015,79,3,4,11,6536.2,1,1365865245098.8,-2.82824081352503,28.7903774849732,4761.04707,3.93831980441758,467719708000
"241","Senegal",2008,NA,2,7,14,0,0,13375825205.0612,3.68252440345475,NA,0,3.79712144987485,2850926000
"242","Senegal",2009,NA,2,7,14,0,0,12771709949.8651,2.423175915652,NA,0,4.4311394615,3720889000
"243","Senegal",2010,NA,2,7,14,0,0,12914130614.1816,4.17936306277728,NA,0,4.7351042734,3909477000
"244","Senegal",2011,NA,2,7,14,0,0,14352023940.2661,1.76111804930498,NA,3.37578055142813,4.5,4325490000
"245","Senegal",2012,NA,2,7,14,0,0,14194124595.9323,4.41118028348777,NA,4.57883176764346,4.5,4905679000
"246","Senegal",2013,77,2,7,14,0,0,14806481145.049,3.48521734662029,NA,4.47306,4.8,5225562000
"247","Senegal",2014,71,2,7,14,0,0,15284658818.4015,4.31105102139782,NA,3.578448,4.4,5619669000
"248","Senegal",2015,70,2,7,14,0,0,13609989582.0353,6.48519475353841,NA,3.09552348483269,4.13444968775699,5893172000
"249","South Africa",2008,37,2,9,16,0,1,286769850239.675,3.19104388778322,168.323127273168,760.889,4.40377125343883,69960358000
"250","South Africa",2009,NA,2,9,16,0,1,295936471258.128,-1.5380891347741,269.998404253141,676.413,4.6620694482,79017426000
"251","South Africa",2010,NA,2,9,16,0,1,375349396273.835,3.03973462503471,246.438960388034,1025.562,4.7451007624,108391607000
"252","South Africa",2011,NA,2,9,16,0,1,416418862155.872,3.28419713479731,189.481601749503,1072.91477981187,4.7,116929482000
"253","South Africa",2012,NA,2,9,16,0,1,396342265529.842,2.21325897786599,229.025082345566,1174.66680577935,4.7,144958642000
"254","South Africa",2013,48,2,9,16,0,1,367593603380.597,2.33034225921693,256.482186123309,1122.986468,4.7,139789842000
"255","South Africa",2014,45,2,9,16,0,1,351304928727.413,1.62887154261438,265.846170557049,1042.73626391249,4.9,141102928000
"256","South Africa",2015,52,2,9,16,590.5,1,314571945857.401,1.26465137815678,233.951304206133,885.277990749,4.86988169970336,137887377000
"257","Spain",2008,31,3,10,17,0,1,1634989014208.29,1.11597275474762,58.0035878992875,1306.438,5.04591040322581,NA
"258","Spain",2009,40,3,10,17,0,1,1499074742984.16,-3.57381203047768,95.6950596835688,1079.589,5.1806028977,NA
"259","Spain",2010,47,3,10,17,0,1,1431672847682.12,0.013786543593227,81.8360830057553,1235.86488460144,5.6210553661,NA
"260","Spain",2011,55,3,10,17,0,1,1487924659438.42,-1.0000804875138,69.2903060286076,1313.29316795807,5.8,NA
"261","Spain",2012,49,3,10,17,0,1,1335945712662.3,-2.92981142936708,74.4856950823973,1131.85052008716,5.8,NA
"262","Spain",2013,48,3,10,17,0,1,1361775869855.87,-1.70589486797125,81.9930103562621,957.997754181,5.8,NA
"263","Spain",2014,39,3,10,17,0,1,1375856057716.82,1.37899828702557,72.1669686615111,962.636446,5.8,NA
"264","Spain",2015,41,3,10,17,1761.5,1,1192901186647.44,3.20468046422076,65.9897314891892,1040.913279272,5.65258103609085,NA
"265","Tanzania",2008,71,2,-1,6,0,0,27368386358.131,5.56659564830453,NA,1.446,2.82469659492257,6009852000
"266","Tanzania",2009,NA,2,-1,6,0,0,28573777052.4542,5.38234616843563,NA,0.781,2.81771,7685361000
"267","Tanzania",2010,NA,2,-1,6,0,0,31407908612.0943,6.3588860812992,NA,1.249246,3.0352723087,8893151000
"268","Tanzania",2011,NA,2,-1,6,0,0,33878631649.4157,7.90450757234741,NA,1.17475174011724,3.3,10012876000
"269","Tanzania",2012,NA,2,-1,6,0,0,39087748240.4403,5.14101362067316,NA,1.62798730741115,3.3,11588075000
"270","Tanzania",2013,77,2,-1,6,0,0,44333456244.744,7.2630600303699,NA,0.003641454,3.2,13140981000
"271","Tanzania",2014,74,2,-1,6,0,0,48197218326.7942,6.96513331674484,NA,0.564368726,3.3,14352454000
"272","Tanzania",2015,NA,2,3,10,0,0,45628247290.4618,6.95937442186003,NA,2.337440605,3.38011112213135,15049186000
"273","Tunisia",2008,NA,2,-4,3,0,0,44856586316.0458,4.23777683573512,NA,15.381,4.83303955689655,21381015000
"274","Tunisia",2009,NA,2,-4,3,0,0,43454935940.1614,3.04344895484181,NA,13.927,4.8721525789,22721908000
"275","Tunisia",2010,NA,2,-4,3,0,0,44050929160.2627,3.5106086386031,24.1804434164096,14.640172,5.0462316885,22471865000
"276","Tunisia",2011,NA,2,-88,-81,0,0,45810626509.4474,-1.91717771660325,21.0911108102995,12.7290692703312,4.6,22641825000
"277","Tunisia",2012,69,2,-88,-81,0,0,45044176963.9542,3.99766619874057,NA,15.5990812234352,NA,25261471000
"278","Tunisia",2013,63,2,-88,-81,0,0,46255554871.6686,2.99565704807499,NA,14.683452,4,25661397000
"279","Tunisia",2014,64,2,7,14,0,0,47603227896.5659,2.86812367021876,NA,13.28618,3.9,26371914000
"280","Tunisia",2015,NA,2,7,14,0,0,43015089722.6754,0.9946425233517,NA,10.35424112,3.56447700709966,27363419000
"281","Turkey",2008,24,3,7,14,0,0,730325337118.723,0.658839040685805,16.1002698419164,480.667,3.41750473871487,290490681000
"282","Turkey",2009,16,3,7,14,0,0,614569781800.821,-4.82587569893094,37.6973383431152,856.034,3.7443328503,278780871000
"283","Turkey",2010,20,3,7,14,0,0,731144536446.484,9.15695448704872,41.3657115554658,1149.281,4.0985900623,300526166000
"284","Turkey",2011,18,3,9,16,0,0,774775356126.167,8.772746296252,25.436335634804,1544.26626010139,4.2,305015656000
"285","Turkey",2012,22,3,9,16,0,0,788862935211.869,2.12746070917433,39.955930990134,1933.67835962636,4.4,336738668000
"286","Turkey",2013,27,3,9,16,0,0,823256641370.335,4.19250934713969,23.7769742949387,2296.03873424933,4.3,389220698000
"287","Turkey",2014,21,3,3,10,0,0,798781754066.919,3.02011821310668,27.51221580627,2630.33,4.4,400874005000
"288","Turkey",2015,18,3,3,10,0,0,717879788566.76,3.97194514959554,26.3082890767911,2882.162,4.48851984369824,397923067000
"289","Uganda",2008,NA,2,-1,6,0,0,14239026629.639,8.7087519014194,21.6213652065322,29.544,3.80709965151515,2292857000
"290","Uganda",2009,NA,2,-1,6,0,0,18160711201.0079,6.76454409157759,20.6209817207032,26.855,3.4418095572,2763177000
"291","Uganda",2010,NA,2,-1,6,0,0,20186498788.8153,5.67419463051142,8.85672817439396,0.735263,3.5323652894,2974599000
"292","Uganda",2011,NA,2,-1,6,0,0,20471099197.0034,9.3940910215985,37.7472157556901,0.66585065462504,3.7,3262582000
"293","Uganda",2012,NA,2,-1,6,0,0,23506194155.2319,3.83428674243318,31.0306865764843,0.803977562378779,3.8,3776141000
"294","Uganda",2013,59,2,-1,6,0,0,24992173594.2485,3.55908095565489,NA,0.86022,3.4,4804134000
"295","Uganda",2014,61,2,-1,6,0,0,27760811822.5182,5.1838289628917,NA,0.670884,2.8,4998231000
"296","Uganda",2015,65,2,-1,6,0,0,27529249701.1469,5.14383772696638,NA,0.023472,2.53393339264777,5756040000
"297","Ukraine",2008,NA,3,7,14,0,0,179992405832.321,2.29999999119013,NA,63.359,3.4661899571831,99354541000
"298","Ukraine",2009,NA,3,7,14,0,0,117227769791.56,-14.8000000150357,NA,63.231,3.7054134172,105064101000
"299","Ukraine",2010,NA,3,6,13,0,0,136013155905.036,4.20000001799505,28.5982629703543,69.320238864,3.6373635833,124297079000
"300","Ukraine",2011,NA,3,6,13,0,0,163159671670.265,5.46553190543162,15.7232848885877,80.9200845454545,3.7,135464770000
"301","Ukraine",2012,NA,3,6,13,0,0,175781379051.433,0.23868130555249,NA,75.7839377415526,4,132069382000
"302","Ukraine",2013,64,3,6,13,0,0,183310146378.081,-0.0267296493157545,NA,14.3835,3.7,147656446000
"303","Ukraine",2014,58,3,4,11,0,0,133503411375.739,-6.55261889108043,NA,22.083,3.3,131206395000
"304","Ukraine",2015,NA,3,4,11,0,0,90615023323.7353,-9.86978436230361,NA,37.7215652,3.16145156621933,122825244000
"305","United Kingdom",2008,47,3,10,17,0,1,2875463235294.12,-0.627205201223418,64.9687656259989,6283.831,5.12624977933884,NA
"306","United Kingdom",2009,52,3,10,17,0,1,2367127278392.27,-4.32773760856608,NA,6615.125,5.2223829081,NA
"307","United Kingdom",2010,46,3,10,17,0,1,2429602904820.77,1.9151618327202,NA,6082.73941307418,5.4887079652,NA
"308","United Kingdom",2011,59,3,10,17,0,1,2608995353308.76,1.50906178236485,NA,6280.25098328964,5.6,NA
"309","United Kingdom",2012,49,3,10,17,0,1,2646002634059.62,1.31301859842485,NA,6243.54285285133,5.8,NA
"310","United Kingdom",2013,48,3,10,17,0,1,2719509472492.7,1.91107841065484,NA,6031.574712,5.7,NA
"311","United Kingdom",2014,47,3,10,17,0,1,2998833559195.71,3.07048379406776,NA,5917.401138,5.6,NA
"312","United Kingdom",2015,45,3,10,17,3054.7,1,2861090726739.55,2.19422903476445,NA,5466.5046762,5.67227357004318,NA
"313","United States",2008,39,4,10,17,0,0,1.4718582e+13,-0.291621458693953,78.7458858468839,39313.596,5.86851425899453,NA
"314","United States",2009,50,4,10,17,0,0,1.4418739e+13,-2.77552957416808,104.567297736647,35097.670654396,5.6665832662,NA
"315","United States",2010,49,4,10,17,0,0,1.4964372e+13,2.53192061616315,115.497340483115,39353.2561,5.5372399658,NA
"316","United States",2011,51,4,10,17,0,0,1.5517926e+13,1.60145467247139,100.791220682455,39621.9135350454,5.5,NA
"317","United States",2012,40,4,10,17,0,0,1.6155255e+13,2.22403085385714,115.555794136335,39111.3403776909,5.6,NA
"318","United States",2013,37,4,10,17,0,0,1.6691517e+13,1.67733152992453,143.99442255608,37113.5589216014,5.7,NA
"319","United States",2014,35,4,10,17,0,0,1.7393103e+13,2.37045767146387,151.385231203426,38225.1960889445,5.7,NA
"320","United States",2015,38,4,10,17,0,0,1.8036648e+13,2.59614804050973,138.981143281168,37218.888635,5.72790978955242,NA
"321","Venezuela, RB",2008,NA,5,5,12,0,0,315600203539.823,5.27785412398782,NA,2.169,2.36098887557903,66930078000
"322","Venezuela, RB",2009,NA,5,-3,4,0,0,329418979506.288,-3.20230265749004,NA,1.857,2.4163333125,84578254000
"323","Venezuela, RB",2010,NA,5,-3,4,0,0,393801459277.332,-1.48879125078348,NA,1.21619,2.4300723351,101765867000
"324","Venezuela, RB",2011,NA,5,-3,4,0,0,316482190800.364,4.17642535923927,NA,7.56177,2.5,118171694000
"325","Venezuela, RB",2012,NA,5,-3,4,0,0,381286237847.667,5.62595697508641,NA,5.67204073867983,2.5,130629842000
"326","Venezuela, RB",2013,71,5,4,11,0,0,371336634589.947,1.34309403607476,NA,5.198784,2.5,132345779000
"327","Venezuela, RB",2014,67,5,4,11,0,0,NA,-3.89438647450662,NA,5.745684,2.6,135747695000
"328","Venezuela, RB",2015,58,5,4,11,0,0,NA,NA,NA,6.204085092,2.55457270741463,123666152000
"329","Vietnam",2008,NA,1,-7,0,0,1,99130304099.1274,5.66177120802432,9.5639169940602,295.759,2.8256551670292,26435435000
"330","Vietnam",2009,NA,1,-7,0,0,1,106014601171.036,5.39789754276676,25.0209779662381,311.502,3.2836947328,32702629000
"331","Vietnam",2010,NA,1,-7,0,0,1,115931749697.241,6.42323821717494,25.976878705486,426.91573,3.6003325613,44901572000
"332","Vietnam",2011,NA,1,-7,0,0,1,135539487317.008,6.24030274887527,15.9173908851674,475.385659574604,3.4,53886305000
"333","Vietnam",2012,NA,1,-7,0,0,1,155820001920.492,5.2473671560487,NA,503.550322720949,3.4,61576671000
"334","Vietnam",2013,16,1,-7,0,0,1,171222025117.381,5.42188299130713,23.3972644421978,497.179820293424,3.7,6.5452e+10
"335","Vietnam",2014,19,1,-7,0,0,1,186204652922.262,5.98365463697851,24.739994021112,450.220037899155,3.7,72423458000
"336","Vietnam",2015,NA,1,-7,0,663.3,1,193599379094.859,6.67928878891431,26.7958762277753,384.47024,3.91381684403087,77798272000
